Location,Employer Only,Non-group Only,Medicaid and Private Insurance,Medicaid and Medicare,Medicaid Only,Medicare and Private Insurance,Medicare Only,Military,Uninsured,Total,Footnotes,Year
Alabama,2346200,245000.0,49900.0,138600,457700,377500,200800,78700.0,632500,4526900,,2008
Alaska,339000,23600.0,9800.0,12900,52000,24300,14200,43000.0,136000,654700,,2008
Arizona,2955200,390000.0,59900.0,114000,800400,485200,267200,99300.0,1191900,6363000,,2008
Arkansas,1210500,150800.0,32800.0,97000,365900,231900,141000,44200.0,495500,2769700,,2008
California,17884900,2630300.0,287200.0,832200,4348700,1939100,1208800,356300.0,6394600,35882000,,2008
Colorado,2643300,394500.0,31400.0,75100,312000,302100,131400,107300.0,819700,4816700,,2008
Connecticut,2126000,163000.0,38000.0,72400,284200,276600,103200,19000.0,301400,3383800,,2008
Delaware,483400,34800.0,10100.0,19100,87800,76200,27200,14800.0,90800,844200,,2008
District of Columbia,303800,34500.0,11600.0,17100,101400,29000,12100,4500.0,45000,558900,,2008
Florida,8039600,1147900.0,106000.0,453400,1400800,1669800,996400,316600.0,3743900,17874300,,2008
Georgia,4779600,522400.0,79300.0,196400,969600,524700,321600,201100.0,1781700,9376400,,2008
Hawaii,752300,59400.0,14100.0,32000,87200,112900,29100,59500.0,82600,1229000,,2008
Idaho,752500,129200.0,13800.0,22400,117200,122800,39200,25600.0,261500,1484300,,2008
Illinois,7162500,649300.0,134300.0,265900,1368100,876800,396100,86000.0,1616900,12556000,,2008
Indiana,3536300,300000.0,59300.0,131700,531700,509200,198600,52100.0,854200,6172900,,2008
Iowa,1709700,205400.0,42500.0,73400,229300,276200,82000,23100.0,252500,2894000,,2008
Kansas,1583200,169600.0,21600.0,56400,172600,231400,77300,47600.0,341600,2701400,,2008
Kentucky,2135400,206300.0,38500.0,131000,476200,341100,166500,66300.0,582200,4143600,,2008
Louisiana,1968000,253700.0,54100.0,127400,589700,273400,176300,65100.0,766100,4273800,,2008
Maine,645900,55000.0,25900.0,52500,172600,121700,37600,25500.0,137400,1274100,,2008
Maryland,3401400,277900.0,50300.0,104600,394500,399600,136400,94100.0,611200,5470000,,2008
Massachusetts,3989900,362700.0,102100.0,173200,708700,460400,175500,29900.0,262600,6265100,,2008
Michigan,5502600,468400.0,137900.0,232400,1099500,897900,240300,58400.0,1127100,9764400,,2008
Minnesota,3183200,338700.0,54400.0,97900,396300,416400,124400,33400.0,439700,5084500,,2008
Mississippi,1270300,153600.0,33900.0,109600,385600,191300,122300,51200.0,508900,2826800,,2008
Missouri,3132300,336400.0,51300.0,152500,536100,484800,209000,79700.0,746100,5728200,,2008
Montana,448700,78300.0,7300.0,17800,63600,85800,35700,23500.0,177800,938500,,2008
Nebraska,1009200,138200.0,18300.0,30900,111500,145100,53700,27800.0,186400,1721000,,2008
Nevada,1421100,116700.0,19100.0,40900,112700,145300,103400,41900.0,555800,2556800,,2008
New Hampshire,806000,60500.0,10900.0,27400,75700,101100,38000,15300.0,140500,1275300,,2008
New Jersey,5257200,363100.0,60300.0,165800,634500,624200,301100,32000.0,1056500,8494600,,2008
New Mexico,817700,93200.0,25200.0,47500,286400,128300,82900,36000.0,416900,1934000,,2008
New York,10455100,913800.0,265900.0,508100,2492900,1303200,662500,92600.0,2249800,18944000,,2008
North Carolina,4460100,557500.0,79200.0,222600,908600,680700,331500,208600.0,1437400,8886300,,2008
North Dakota,351200,53900.0,5300.0,11500,34000,54600,19800,19300.0,60700,610300,,2008
Ohio,6489100,485100.0,125800.0,238700,1054400,933400,402600,98000.0,1330400,11157500,,2008
Oklahoma,1659100,172800.0,39600.0,101300,371300,278500,130000,81100.0,675300,3508800,,2008
Oregon,1977000,284100.0,25100.0,77200,261200,306600,126400,41600.0,612600,3711900,,2008
Pennsylvania,6930000,701900.0,165900.0,298000,1110800,1152400,412200,79500.0,1152000,12002700,,2008
Rhode Island,596900,40100.0,18100.0,26300,82700,87900,38300,12600.0,106400,1009400,,2008
South Carolina,2141600,226600.0,44000.0,126100,413900,352900,183200,93100.0,737000,4318400,,2008
South Dakota,404900,71800.0,12500.0,17700,64300,71100,22100,17500.0,88100,769900,,2008
Tennessee,3140500,353400.0,61400.0,172300,667600,444800,265900,105400.0,834000,6045200,,2008
Texas,11268300,1154300.0,175200.0,477400,2437800,1219800,787400,428800.0,5693800,23643000,,2008
Utah,1647900,186000.0,23100.0,35000,150300,149800,62100,28800.0,403900,2686800,,2008
Vermont,325400,26900.0,11500.0,25600,82500,48400,19900,5300.0,53600,599100,,2008
Virginia,4379000,403900.0,53700.0,151600,441100,581700,218000,306400.0,883100,7418400,,2008
Washington,3506600,419400.0,76700.0,123200,564400,502000,186000,150200.0,842000,6370500,,2008
West Virginia,877300,46500.0,21700.0,53800,193200,184900,85200,27600.0,274900,1765200,,2008
Wisconsin,3367100,267600.0,71600.0,122600,482600,457000,164800,42300.0,492000,5467500,,2008
Wyoming,278200,38500.0,8200.0,11300,33900,40600,16500,14000.0,74800,516100,,2008
Puerto Rico,1253800,288600.0,31500.0,193300,1370400,125400,266000,23800.0,349100,3902000,,2008
Alabama,2230800,226000.0,79300.0,177900,551000,378600,197700,93300.0,634500,4569100,,2009
Alaska,328500,26100.0,15100.0,16100,65800,26500,15700,38000.0,137300,668900,,2009
Arizona,2853100,361600.0,102300.0,170100,986800,481200,271200,104500.0,1127100,6457900,,2009
Arkansas,1192100,135900.0,52200.0,112400,408100,230100,144900,53100.0,467400,2796100,,2009
California,17048400,2553600.0,497200.0,1135100,4790700,1973800,1199700,348800.0,6547500,36094800,,2009
Colorado,2573100,403900.0,56500.0,100500,414300,309400,144400,118000.0,771000,4891000,,2009
Connecticut,2044700,169200.0,38600.0,80700,350400,283000,114700,18700.0,303200,3403200,,2009
Delaware,470000,24900.0,16100.0,26000,108500,81100,27800,12200.0,89000,855500,,2009
District of Columbia,289900,35700.0,15100.0,23800,115900,29300,14000,3500.0,40500,567800,,2009
Florida,7549900,1097800.0,200300.0,621700,1806100,1691500,1010700,318600.0,3770800,18067300,,2009
Georgia,4671100,486600.0,122100.0,250800,1071400,544500,328900,197000.0,1812300,9484800,,2009
Hawaii,691600,65200.0,28100.0,31100,117200,113800,34900,58700.0,82900,1223500,,2009
Idaho,716500,129100.0,28600.0,33200,143300,120500,49500,31600.0,255500,1507700,,2009
Illinois,6734400,620500.0,185100.0,320600,1623000,893700,417100,86300.0,1677700,12558400,,2009
Indiana,3400400,281500.0,94300.0,147300,646900,514200,211900,51300.0,874100,6221900,,2009
Iowa,1650300,205800.0,64800.0,91100,250300,284100,78600,23300.0,254200,2902600,,2009
Kansas,1501200,172300.0,32100.0,66300,219100,229200,82800,66400.0,346700,2716000,,2009
Kentucky,2025500,190800.0,61700.0,156000,547900,336200,176700,73700.0,604900,4173500,,2009
Louisiana,1989400,220200.0,68700.0,151300,637600,267600,192600,71800.0,753200,4352400,,2009
Maine,603400,59700.0,33600.0,72100,187200,110300,50100,26700.0,130900,1273900,,2009
Maryland,3282600,281600.0,67200.0,134600,492000,412300,137400,103700.0,614400,5525700,,2009
Massachusetts,3848400,303200.0,164200.0,230300,836200,486200,185000,29600.0,275100,6358100,,2009
Michigan,5061200,448300.0,204300.0,294400,1263600,924900,258900,63400.0,1205200,9724300,,2009
Minnesota,3029900,348400.0,87800.0,125100,470600,445700,126100,33400.0,461900,5128900,,2009
Mississippi,1196200,134400.0,55500.0,130100,446300,187400,131000,56200.0,499300,2836300,,2009
Missouri,3059800,318000.0,71800.0,175100,598400,502500,221400,82300.0,776500,5805900,,2009
Montana,426100,75700.0,9600.0,21300,81000,87500,41200,21000.0,179300,942700,,2009
Nebraska,946500,142000.0,21400.0,45300,145900,145800,52900,31500.0,200000,1731300,,2009
Nevada,1346400,122700.0,32900.0,53200,161300,155200,107200,47200.0,570200,2596300,,2009
New Hampshire,787200,55500.0,16800.0,36400,88800,109900,40300,12900.0,135100,1282900,,2009
New Jersey,5058000,375000.0,99800.0,229400,705000,630900,311300,38600.0,1071000,8519200,,2009
New Mexico,771300,87900.0,35000.0,65200,332500,141000,84300,43900.0,397500,1958500,,2009
New York,10027900,862100.0,370800.0,659000,2745900,1356800,683700,92900.0,2191400,18990400,,2009
North Carolina,4266000,538900.0,121100.0,257200,1077200,706200,357000,248700.0,1454300,9026700,,2009
North Dakota,354900,54000.0,6400.0,16700,32700,61600,15500,12700.0,60900,615400,,2009
Ohio,6113600,458300.0,181700.0,296400,1282700,971400,422700,104500.0,1375800,11207100,,2009
Oklahoma,1600700,177900.0,52200.0,113100,417700,289700,141000,90100.0,661500,3544100,,2009
Oregon,1854800,254600.0,55200.0,99400,332200,325000,128500,42600.0,651300,3743600,,2009
Pennsylvania,6708500,611700.0,272400.0,368200,1289600,1206500,431800,72300.0,1192500,12153500,,2009
Rhode Island,552400,50400.0,21000.0,33800,105700,84200,39300,10900.0,114200,1011800,,2009
South Carolina,2049300,221800.0,65400.0,163100,515400,357000,183000,101300.0,737400,4393700,,2009
South Dakota,378300,65500.0,13900.0,22900,75200,69300,28300,20800.0,107100,781400,,2009
Tennessee,2936900,335500.0,108400.0,231400,785200,470600,266200,105500.0,876800,6116600,,2009
Texas,11006900,1090900.0,300800.0,609000,2837000,1252800,816600,417500.0,5765400,24096900,,2009
Utah,1635100,184300.0,46900.0,46500,181500,145700,67900,32100.0,393400,2733400,,2009
Vermont,308900,28200.0,18000.0,25100,91500,49000,22600,3900.0,52400,599600,,2009
Virginia,4269600,389200.0,85700.0,177900,516900,602700,233300,341800.0,895700,7512800,,2009
Washington,3372300,387000.0,133500.0,170000,722100,496700,184300,137700.0,882900,6486600,,2009
West Virginia,840500,49900.0,43000.0,68300,218400,184600,92200,20800.0,251200,1768900,,2009
Wisconsin,3195500,243600.0,110800.0,142600,609800,474900,171800,41300.0,502200,5492700,,2009
Wyoming,272900,39400.0,9100.0,13600,40600,41600,17100,10500.0,81500,526300,,2009
Puerto Rico,1190000,286100.0,70400.0,272600,1342700,141100,279100,18300.0,322100,3922300,,2009
Alabama,2195700,232900.0,72800.0,173000,596800,395500,203700,94100.0,686800,4651400,,2010
Alaska,349500,19000.0,14100.0,17500,77000,24600,14900,43700.0,124100,684600,,2010
Arizona,2707800,318300.0,106300.0,163600,1003800,486800,292900,115600.0,1061900,6256900,,2010
Arkansas,1169100,135300.0,46100.0,113100,428400,239700,152200,54300.0,495800,2834000,,2010
California,16708900,2429500.0,506900.0,1192000,5227300,1970600,1299100,400000.0,6781300,36515700,,2010
Colorado,2528300,389100.0,56600.0,109800,464100,316000,155500,120000.0,776700,4916200,,2010
Connecticut,2005700,169900.0,43900.0,85800,394500,294200,127700,28100.0,313800,3463700,,2010
Delaware,456100,32200.0,16700.0,24700,125900,83500,32400,12900.0,87200,871700,,2010
District of Columbia,297100,25500.0,19300.0,22500,109700,33400,12700,5500.0,44500,570200,,2010
Florida,7389100,1089600.0,177100.0,636200,2037100,1680300,1107900,357500.0,3924000,18398800,,2010
Georgia,4466200,461500.0,115500.0,253100,1130700,552500,357400,214700.0,1863200,9414700,,2010
Hawaii,717600,68900.0,24700.0,36200,133600,118300,40300,61700.0,100400,1301600,,2010
Idaho,729200,124200.0,26200.0,37600,142200,128500,51700,24500.0,274900,1538900,,2010
Illinois,6570400,616200.0,170300.0,278400,1670800,933000,452500,86800.0,1757900,12536400,,2010
Indiana,3277200,291300.0,82500.0,130100,720100,547800,239300,58800.0,942400,6289300,,2010
Iowa,1618600,194800.0,60600.0,94500,303200,291800,84300,24700.0,275600,2948200,,2010
Kansas,1496600,167400.0,36600.0,72100,218800,235800,91500,63500.0,378700,2761000,,2010
Kentucky,1993500,195400.0,69500.0,159200,533200,349400,185100,77200.0,644500,4207100,,2010
Louisiana,1916600,223600.0,72300.0,160100,714000,276400,189300,65100.0,782900,4400400,,2010
Maine,609600,58700.0,24100.0,68100,203000,119200,48400,21000.0,138500,1290600,,2010
Maryland,3227700,283200.0,78000.0,129400,582200,423300,151800,106400.0,640100,5622200,,2010
Massachusetts,3741900,308500.0,153400.0,239500,904500,483900,192100,27600.0,277100,6328400,,2010
Michigan,4890100,428600.0,208400.0,293800,1335200,961100,277000,61800.0,1201600,9657600,,2010
Minnesota,3001200,344500.0,96300.0,117600,518300,463800,139100,42300.0,464400,5187500,,2010
Mississippi,1157200,128800.0,45200.0,136200,496500,199600,129700,55100.0,519100,2867200,,2010
Missouri,2979700,342700.0,65600.0,177100,618300,508100,243700,95400.0,771400,5802000,,2010
Montana,442100,79100.0,17300.0,21100,84900,89900,44000,21700.0,162800,962800,,2010
Nebraska,938500,144800.0,31800.0,45800,155000,154300,52900,37900.0,210000,1771000,,2010
Nevada,1313600,125500.0,28200.0,58100,198300,167400,116600,49800.0,600100,2657600,,2010
New Hampshire,764800,56000.0,14100.0,31000,91200,117000,44200,14200.0,143500,1276000,,2010
New Jersey,4976200,360700.0,105400.0,207400,816700,651700,324800,32300.0,1145200,8620400,,2010
New Mexico,790900,86600.0,44800.0,62200,346100,145400,91100,47100.0,403800,2018000,,2010
New York,9625500,794100.0,370900.0,678100,3002300,1327000,707200,96100.0,2258800,18860000,,2010
North Carolina,4188300,545900.0,111400.0,262500,1175500,741300,393900,253100.0,1569300,9241100,,2010
North Dakota,362800,59700.0,9700.0,12400,36400,64700,19700,17000.0,64900,647200,,2010
Ohio,6004200,434700.0,173100.0,278200,1370300,985800,473600,110700.0,1384900,11215700,,2010
Oklahoma,1598500,180600.0,49300.0,103600,460600,300500,156400,86600.0,699400,3635500,,2010
Oregon,1795800,249700.0,55200.0,101600,392400,331700,145700,46000.0,645800,3764000,,2010
Pennsylvania,6611500,620200.0,282100.0,397400,1376600,1216200,452500,80800.0,1256400,12293700,,2010
Rhode Island,531900,41800.0,25600.0,39300,108100,81000,44000,15000.0,122300,1009200,,2010
South Carolina,2019600,195100.0,59500.0,149200,563600,377600,203900,117100.0,790900,4476500,,2010
South Dakota,385700,80100.0,16100.0,24900,67400,71800,24400,22900.0,93600,787000,,2010
Tennessee,2915700,325000.0,102500.0,224600,833200,481700,289100,121300.0,893100,6186200,,2010
Texas,10986600,1040800.0,294600.0,638100,3167400,1284000,863800,444900.0,5864200,24584400,,2010
Utah,1559500,172800.0,43800.0,46100,224100,151900,63000,40700.0,422200,2724100,,2010
Vermont,293400,27500.0,15100.0,23500,108800,53900,23400,6900.0,47000,599500,,2010
Virginia,4243000,418400.0,81800.0,165600,552600,631500,264200,352200.0,994400,7703800,,2010
Washington,3351500,390600.0,115300.0,180500,744000,508000,197500,151500.0,936900,6575900,,2010
West Virginia,838200,50000.0,27200.0,73000,239200,193500,92700,22600.0,262500,1799000,,2010
Wisconsin,3089000,256700.0,109100.0,154700,677600,479500,189700,46700.0,530500,5533400,,2010
Wyoming,294600,31400.0,5600.0,11000,49600,42800,17400,15100.0,80800,548400,,2010
Puerto Rico,1054100,281200.0,45000.0,241900,1310300,145900,283600,22200.0,299900,3684000,,2010
Alabama,2191200,248700.0,68500.0,186700,602400,380600,229200,107500.0,661100,4676000,,2011
Alaska,341000,18100.0,14700.0,17100,78000,28900,18600,41600.0,139100,697100,,2011
Arizona,2682800,325800.0,104100.0,174700,1028400,486900,328200,107800.0,1085700,6324500,,2011
Arkansas,1202100,136000.0,46600.0,120700,431400,223300,157900,48000.0,483600,2849500,,2011
California,16800800,2355900.0,525400.0,1209100,5502600,1931200,1434000,396000.0,6707900,36862800,,2011
Colorado,2529800,388000.0,72100.0,116700,496200,313900,182300,125500.0,759600,4983900,,2011
Connecticut,1988100,173400.0,46500.0,100200,425000,271100,143300,20700.0,298000,3466400,,2011
Delaware,468600,30900.0,17500.0,26500,128800,78700,41000,9700.0,78300,880100,,2011
District of Columbia,309600,28800.0,17100.0,24600,113900,29800,10400,4900.0,44700,583900,,2011
Florida,7388300,1074800.0,187800.0,685200,2199100,1612400,1243800,339600.0,3883300,18614200,,2011
Georgia,4467300,443600.0,118800.0,270400,1170000,561200,378200,238300.0,1869600,9517400,,2011
Hawaii,735200,50700.0,25800.0,37600,130800,111100,49300,76400.0,95000,1311900,,2011
Idaho,735800,126900.0,30100.0,40500,157500,123600,57100,32600.0,243200,1547300,,2011
Illinois,6593400,595900.0,174900.0,294100,1786100,897700,502600,84600.0,1624400,12553800,,2011
Indiana,3329200,253200.0,93400.0,152400,729400,507700,269400,61200.0,921200,6317100,,2011
Iowa,1647500,190700.0,73000.0,93700,288700,272800,104300,26300.0,266600,2963800,,2011
Kansas,1489400,172600.0,43300.0,74200,248500,222300,100300,68500.0,353000,2772200,,2011
Kentucky,1989600,183800.0,58300.0,173500,578800,345400,207500,76100.0,614900,4227900,,2011
Louisiana,1918500,232000.0,82700.0,167900,695700,265100,215900,74800.0,778600,4431200,,2011
Maine,613800,53000.0,25100.0,71100,191600,118100,54400,20600.0,144400,1292200,,2011
Maryland,3284900,292500.0,77900.0,139400,603900,414000,176300,97400.0,582300,5668600,,2011
Massachusetts,3685400,308900.0,152800.0,243300,975400,480300,213300,35200.0,265900,6360600,,2011
Michigan,4861700,432900.0,205000.0,330300,1370400,938900,308200,61500.0,1146200,9655100,,2011
Minnesota,3020400,341400.0,80000.0,112400,560000,441200,168900,43500.0,454600,5222300,,2011
Mississippi,1171500,134200.0,45000.0,143900,491100,185100,142800,57000.0,507800,2878500,,2011
Missouri,2973000,316500.0,66100.0,177300,622600,478500,289800,102100.0,797400,5823500,,2011
Montana,438600,72700.0,10600.0,28700,84100,90900,45400,18400.0,182200,971600,,2011
Nebraska,945200,149700.0,21300.0,44200,156200,145200,65500,41200.0,213800,1782300,,2011
Nevada,1300300,111900.0,42800.0,60500,219400,160900,134100,58400.0,587400,2675800,,2011
New Hampshire,776100,55100.0,14900.0,33000,91800,107600,57400,13400.0,128900,1278200,,2011
New Jersey,4972900,342900.0,98600.0,231000,849000,622000,361700,37400.0,1123300,8638700,,2011
New Mexico,775900,84300.0,36800.0,70600,377900,139300,99900,44900.0,406900,2036500,,2011
New York,9607300,758100.0,386200.0,713600,3147400,1277400,773900,95700.0,2180800,18940500,,2011
North Carolina,4235000,535600.0,125000.0,287600,1215900,718000,431700,268300.0,1536000,9353100,,2011
North Dakota,354900,71100.0,10700.0,11500,44800,67000,20000,12200.0,65100,657100,,2011
Ohio,5944500,470700.0,182700.0,290900,1382800,962100,516600,112100.0,1362300,11224600,,2011
Oklahoma,1640600,155400.0,53600.0,101100,461100,293600,185200,90300.0,683700,3664800,,2011
Oregon,1789900,248300.0,59200.0,103100,465000,328700,163500,44000.0,591700,3793500,,2011
Pennsylvania,6545100,634200.0,254100.0,420200,1421800,1187200,507400,98700.0,1249600,12318300,,2011
Rhode Island,539900,39400.0,29100.0,42200,111500,80700,43600,10000.0,111000,1007400,,2011
South Carolina,2029800,201400.0,57700.0,156000,580200,365700,243400,121900.0,763300,4519500,,2011
South Dakota,397600,70700.0,13700.0,19800,71700,70900,37800,17200.0,92000,791400,,2011
Tennessee,2878000,316200.0,103900.0,223700,868000,476400,317900,118800.0,927700,6230500,,2011
Texas,11178500,1042800.0,291900.0,634200,3376400,1276000,975400,463100.0,5767900,25006100,,2011
Utah,1596400,174300.0,53700.0,47800,221300,149500,80500,26600.0,417400,2767500,,2011
Vermont,306200,25100.0,17900.0,25500,99800,50800,23500,7300.0,43500,599800,,2011
Virginia,4287500,401100.0,67700.0,169700,601300,615100,301000,366100.0,974100,7783700,,2011
Washington,3335900,404800.0,135200.0,185600,735600,501300,237700,176700.0,941600,6654400,,2011
West Virginia,820200,39700.0,32800.0,74600,246500,180600,105900,23900.0,278100,1802200,,2011
Wisconsin,3054500,251000.0,116600.0,179500,715500,444000,224700,52200.0,511900,5549900,,2011
Wyoming,295800,34700.0,7800.0,14300,37700,40100,23200,13000.0,85100,551600,,2011
Puerto Rico,995400,301500.0,49600.0,267400,1336000,139900,278900,20200.0,282900,3671700,,2011
Alabama,2210500,233300.0,82200.0,198400,623000,391200,234600,98500.0,624300,4696000,,2012
Alaska,349100,18000.0,13700.0,17100,77500,28700,16500,42300.0,143500,706200,,2012
Arizona,2726700,336100.0,94500.0,176600,974000,488000,361100,112200.0,1117200,6386300,,2012
Arkansas,1220500,122400.0,42000.0,118200,432200,226200,175600,53500.0,469600,2860200,,2012
California,16880200,2328200.0,554200.0,1265000,5590700,1999100,1526300,418500.0,6659200,37221500,,2012
Colorado,2536300,378400.0,63300.0,116700,556500,332800,190100,139800.0,731900,5045900,,2012
Connecticut,1948400,154300.0,49100.0,105300,446200,277500,149200,25400.0,323900,3479300,,2012
Delaware,461900,31500.0,22200.0,28800,133500,88600,34200,12000.0,75300,888000,,2012
District of Columbia,314000,33600.0,16400.0,24900,120000,30300,15100,8500.0,33200,596000,,2012
Florida,7373000,1116600.0,207000.0,722300,2354200,1633600,1333900,363300.0,3773100,18876900,,2012
Georgia,4497700,448100.0,126800.0,298600,1235700,572600,412800,234100.0,1790000,9616400,,2012
Hawaii,695500,64100.0,22100.0,35300,171700,118900,49200,85400.0,88000,1330300,,2012
Idaho,733400,116200.0,31400.0,40700,171800,122100,69800,26200.0,250800,1562500,,2012
Illinois,6549300,622000.0,174700.0,301500,1747100,930700,512100,98100.0,1632400,12567900,,2012
Indiana,3322300,253200.0,95200.0,161100,723100,516300,291500,57000.0,918900,6338800,,2012
Iowa,1623100,198400.0,70500.0,102400,317000,282100,104700,27100.0,250700,2976000,,2012
Kansas,1480400,161600.0,39300.0,67500,265000,230100,113300,76400.0,354100,2787500,,2012
Kentucky,2031800,183200.0,61400.0,163400,557200,341200,225600,90800.0,580500,4235100,,2012
Louisiana,1914900,229100.0,81000.0,171800,742600,290000,209400,74500.0,743900,4457000,,2012
Maine,597700,50800.0,25600.0,69800,206400,127500,58400,22300.0,133900,1292600,,2012
Maryland,3252300,279200.0,78400.0,140500,641200,439300,182700,123600.0,585500,5722700,,2012
Massachusetts,3710700,293700.0,159800.0,258200,992700,501100,216300,28000.0,250100,6410600,,2012
Michigan,4865900,427400.0,200800.0,328400,1346300,978600,317600,75500.0,1119000,9659300,,2012
Minnesota,3069000,314600.0,67200.0,121100,567900,470700,169700,38900.0,437400,5256300,,2012
Mississippi,1163700,130100.0,46500.0,141800,514100,202300,140100,53200.0,492800,2884500,,2012
Missouri,2891500,326900.0,72300.0,165900,656600,509000,304200,94400.0,809800,5830600,,2012
Montana,415000,76400.0,9300.0,29000,109300,88800,50800,20600.0,179300,978700,,2012
Nebraska,988600,128900.0,20300.0,46100,157500,149100,65700,38900.0,199900,1795100,,2012
Nevada,1287200,134500.0,38500.0,61700,224500,168600,144600,54500.0,596900,2710900,,2012
New Hampshire,743300,53300.0,15600.0,31700,101900,117300,57800,15700.0,143500,1280100,,2012
New Jersey,4936100,365700.0,98600.0,244200,874000,645100,372300,40300.0,1109200,8685500,,2012
New Mexico,810900,84700.0,37800.0,70300,355400,139300,120300,36900.0,383600,2039200,,2012
New York,9706700,750700.0,407700.0,718700,3138200,1343000,796800,88500.0,2089800,19040100,,2012
North Carolina,4202100,541200.0,126100.0,307700,1235300,742800,458100,266900.0,1559000,9439200,,2012
North Dakota,383300,59700.0,5800.0,16300,36700,62900,19600,15800.0,71800,671900,,2012
Ohio,5901000,451200.0,193400.0,303300,1424900,989600,543100,110500.0,1305000,11222100,,2012
Oklahoma,1637800,166800.0,60000.0,102500,468800,299400,198000,77100.0,679000,3689500,,2012
Oregon,1810200,238200.0,73900.0,114700,474700,334700,175300,46600.0,557200,3825500,,2012
Pennsylvania,6610200,631000.0,227700.0,402000,1457800,1204500,527100,88500.0,1198900,12347600,,2012
Rhode Island,536400,40400.0,18300.0,43400,117400,81100,44100,11500.0,115400,1007900,,2012
South Carolina,2030200,196300.0,65000.0,160100,614900,389600,237100,114000.0,761900,4569100,,2012
South Dakota,403600,73400.0,10700.0,22900,81100,68000,36100,19000.0,85800,800400,,2012
Tennessee,2947000,325100.0,98300.0,220700,857100,507300,328400,119200.0,874300,6277400,,2012
Texas,11348200,1086200.0,296400.0,685100,3514600,1308700,988600,449900.0,5706600,25384300,,2012
Utah,1651800,162100.0,45900.0,48500,222200,152300,88000,38700.0,392200,2801700,,2012
Vermont,297600,30500.0,14400.0,28500,104500,53500,27200,4600.0,39900,600700,,2012
Virginia,4295200,418100.0,72000.0,167300,620100,643800,310000,352800.0,986200,7865500,,2012
Washington,3406200,401200.0,116600.0,190200,736600,524900,252200,176200.0,928700,6732900,,2012
West Virginia,861700,39300.0,22000.0,69300,227200,180800,113900,30800.0,256600,1801800,,2012
Wisconsin,3105800,261900.0,102100.0,168800,655400,473000,239500,47000.0,512600,5566100,,2012
Wyoming,286900,34300.0,8500.0,16800,44900,40900,24300,12600.0,89800,559000,,2012
Puerto Rico,987500,283300.0,39100.0,291000,1336900,142200,267800,23000.0,263200,3634000,,2012
Alabama,2143300,263600.0,85500.0,188000,620200,409600,258100,94600.0,642900,4705800,,2013
Alaska,365800,24800.0,11400.0,12400,73700,34900,16800,34400.0,130900,705100,,2013
Arizona,2768300,357000.0,104200.0,175000,928700,506300,395400,107500.0,1123300,6465700,,2013
Arkansas,1182300,136500.0,45300.0,122100,444700,230200,185200,58900.0,463400,2868600,,2013
California,17000500,2405300.0,521800.0,1262800,5780200,2064700,1628800,406900.0,6440200,37511300,,2013
Colorado,2568800,400600.0,77200.0,109500,541800,347200,222300,148000.0,714900,5130200,,2013
Connecticut,1898300,172900.0,51600.0,106000,447300,269900,173000,34300.0,325700,3479000,,2013
Delaware,455100,28200.0,16300.0,29800,136200,93400,37900,11000.0,90500,898500,,2013
District of Columbia,316400,33600.0,18700.0,26500,122200,31100,16700,6400.0,38700,610300,,2013
Florida,7300300,1160300.0,209700.0,719600,2374700,1668900,1426600,391200.0,3841800,19093200,,2013
Georgia,4477200,465500.0,130500.0,284000,1234500,599700,433700,240100.0,1825700,9690900,,2013
Hawaii,707100,57600.0,24200.0,36900,155200,126500,51800,78500.0,93800,1331500,,2013
Idaho,734100,121700.0,32700.0,41200,167900,129900,68700,29500.0,255300,1580900,,2013
Illinois,6525500,629500.0,167300.0,303100,1777900,939200,539300,90800.0,1598500,12571100,,2013
Indiana,3306200,283400.0,81700.0,167800,738400,525200,308900,55200.0,899600,6366500,,2013
Iowa,1609300,190300.0,64800.0,90800,338800,292600,119700,21800.0,262300,2990300,,2013
Kansas,1464800,182000.0,43800.0,71400,257500,240000,115900,75000.0,346200,2796500,,2013
Kentucky,2029600,174900.0,62700.0,153800,562600,359900,225900,74100.0,617200,4260900,,2013
Louisiana,1977300,214100.0,81300.0,177000,708100,276800,226300,68100.0,754200,4483200,,2013
Maine,586900,52300.0,33000.0,68100,190000,128200,63500,26000.0,143700,1291900,,2013
Maryland,3243600,294200.0,88900.0,142200,648000,451700,190900,119400.0,588600,5767500,,2013
Massachusetts,3722100,319700.0,148100.0,262300,995900,490100,237500,30500.0,245200,6451500,,2013
Michigan,4833000,474300.0,203200.0,332000,1352700,999900,326400,70700.0,1072100,9664300,,2013
Minnesota,3014100,377900.0,75800.0,122700,564000,474200,178900,40300.0,440000,5287800,,2013
Mississippi,1163100,124400.0,53700.0,139900,495600,196000,161700,63100.0,491700,2889200,,2013
Missouri,2943900,332600.0,72100.0,163700,631100,517500,316600,109000.0,766600,5853100,,2013
Montana,430200,71100.0,17200.0,23500,108100,91100,57500,22600.0,164900,986300,,2013
Nebraska,980400,139900.0,29100.0,46300,160400,142600,80500,36800.0,195100,1811200,,2013
Nevada,1349400,109500.0,33000.0,72500,234900,163800,159600,58400.0,564300,2745400,,2013
New Hampshire,738700,62100.0,12900.0,26200,105400,125400,58400,11900.0,139800,1280700,,2013
New Jersey,4857400,369200.0,105500.0,230000,882900,651800,405800,46200.0,1168000,8716900,,2013
New Mexico,744200,84700.0,39000.0,82500,383000,141900,122600,49500.0,392700,2040200,,2013
New York,9567700,807600.0,397100.0,755400,3229500,1352400,830200,104500.0,2075300,19119600,,2013
North Carolina,4198000,588900.0,124000.0,297000,1291600,786200,484100,261100.0,1491700,9522500,,2013
North Dakota,389800,62300.0,14500.0,15800,38200,62100,22100,16700.0,71800,693500,,2013
Ohio,5912800,481600.0,182900.0,292900,1461000,962400,596500,110300.0,1239300,11239600,,2013
Oklahoma,1658700,179500.0,58200.0,97700,490900,295900,201800,82200.0,662000,3726900,,2013
Oregon,1816200,234400.0,60100.0,119800,470800,342500,192400,43400.0,572000,3851600,,2013
Pennsylvania,6603000,632100.0,248300.0,393500,1400000,1229000,558800,84800.0,1195000,12344300,,2013
Rhode Island,526800,46300.0,22100.0,39100,111500,81500,51200,9400.0,120800,1008600,,2013
South Carolina,2063500,196600.0,64200.0,156900,632500,400400,259000,113900.0,729300,4616200,,2013
South Dakota,387400,75900.0,16600.0,21400,82100,70600,38900,17300.0,101300,811600,,2013
Tennessee,2882100,343300.0,108300.0,224700,892400,512500,342100,129900.0,883400,6318700,,2013
Texas,11567300,1165200.0,310500.0,679500,3445100,1370000,1075300,480100.0,5680000,25773000,,2013
Utah,1653900,201800.0,47700.0,45300,224300,154500,100300,40000.0,381700,2849400,,2013
Vermont,288800,24800.0,14300.0,25600,112800,59200,28600,6300.0,42400,602700,,2013
Virginia,4267700,423600.0,80500.0,171100,631500,678300,329200,379900.0,984000,7945700,,2013
Washington,3404300,399200.0,121300.0,184800,741400,540000,282800,165200.0,958700,6797800,,2013
West Virginia,828400,43200.0,29100.0,69300,253200,206400,103100,22600.0,242800,1798200,,2013
Wisconsin,3049900,276400.0,116700.0,184800,673500,486400,253600,47300.0,504000,5592500,,2013
Wyoming,318100,30500.0,8900.0,10900,42700,47000,21300,15400.0,72600,567300,,2013
Puerto Rico,891200,303000.0,48800.0,308500,1361200,139200,280200,16400.0,233400,3582000,,2013
Alabama,2191400,268700.0,86200.0,181200,648100,419500,263600,90700.0,564800,4714100,,2014
Alaska,337300,32600.0,12500.0,21100,81800,28100,21000,48500.0,123700,706600,,2014
Arizona,2834500,415100.0,105800.0,185000,1051000,525500,425000,117300.0,896900,6556200,,2014
Arkansas,1209000,168800.0,48000.0,112700,527800,240800,184100,49500.0,339200,2880000,,2014
California,17435800,2783400.0,614300.0,1365900,6806100,2051400,1781100,400200.0,4743300,37981600,,2014
Colorado,2621200,430000.0,80300.0,115500,692600,347500,241700,136700.0,551600,5217000,,2014
Connecticut,1880500,206600.0,48600.0,103400,521600,275700,171600,27500.0,244900,3480400,,2014
Delaware,483100,34000.0,13200.0,22200,131100,96200,42600,15600.0,67100,905300,,2014
District of Columbia,319000,38900.0,14000.0,25900,140300,32000,13000,6000.0,34500,623500,,2014
Florida,7468400,1595300.0,246400.0,758200,2524100,1677600,1550000,390900.0,3220100,19431100,,2014
Georgia,4573100,579600.0,132300.0,313700,1320700,602200,487800,235400.0,1547900,9792900,,2014
Hawaii,737800,56600.0,25800.0,34500,168200,127900,57200,73700.0,66400,1348100,,2014
Idaho,743100,158100.0,36700.0,40100,165900,132600,81600,26000.0,214800,1598800,,2014
Illinois,6564000,770300.0,168300.0,299400,1909700,947000,580000,91100.0,1239600,12569400,,2014
Indiana,3359100,317800.0,84100.0,162900,765600,546100,326900,54900.0,769300,6386700,,2014
Iowa,1616100,237100.0,75800.0,90200,364000,294500,128000,23800.0,172500,3002100,,2014
Kansas,1476700,203600.0,51100.0,73200,280700,239800,123000,63300.0,299300,2810700,,2014
Kentucky,2011800,219000.0,92500.0,170100,736300,365600,235500,64300.0,373700,4268800,,2014
Louisiana,2023500,260300.0,75500.0,176200,718100,279100,251100,70000.0,654700,4508500,,2014
Maine,603100,68200.0,27900.0,69100,184500,128500,68200,17200.0,127200,1293800,,2014
Maryland,3237700,322700.0,97900.0,144500,768300,457300,215600,116000.0,459300,5819300,,2014
Massachusetts,3698000,300200.0,156700.0,262600,1072300,503100,259500,33000.0,221300,6506500,,2014
Michigan,4880800,548900.0,230600.0,353600,1398900,1022900,357300,73600.0,816300,9682700,,2014
Minnesota,3022500,393000.0,115200.0,117900,636000,495900,189700,42500.0,317600,5330400,,2014
Mississippi,1180800,163100.0,53700.0,153200,501800,202200,158300,56100.0,417600,2886800,,2014
Missouri,2979600,411500.0,69200.0,165600,598300,497900,371000,96900.0,680100,5870200,,2014
Montana,438200,96000.0,10900.0,30500,109400,97300,56500,18600.0,136200,993700,,2014
Nebraska,988000,161200.0,28700.0,47100,162700,147300,79300,38800.0,170500,1823700,,2014
Nevada,1356500,152000.0,51100.0,73500,333000,171500,176100,52600.0,429000,2795200,,2014
New Hampshire,749800,74900.0,10300.0,23900,100500,128300,62100,16100.0,120600,1286500,,2014
New Jersey,4887800,441800.0,109300.0,226600,1011700,659100,419300,38600.0,961900,8756200,,2014
New Mexico,758100,96100.0,40000.0,76700,443300,156500,119800,44200.0,302000,2036700,,2014
New York,9609300,961600.0,437200.0,785400,3431400,1334100,892800,104100.0,1660500,19216400,,2014
North Carolina,4285800,718700.0,146800.0,309000,1315800,813600,503900,267200.0,1272200,9632900,,2014
North Dakota,407500,70100.0,14300.0,15000,47400,68200,20000,8300.0,57500,708400,,2014
Ohio,5927900,508600.0,189900.0,292300,1669900,989200,640900,103000.0,948600,11270300,,2014
Oklahoma,1700400,237600.0,59600.0,102300,486300,300400,212800,79000.0,571100,3749500,,2014
Oregon,1778900,249000.0,98500.0,128000,659800,341600,213800,38200.0,381800,3889600,,2014
Pennsylvania,6494600,811900.0,255900.0,400400,1415500,1250200,587200,84800.0,1067500,12368000,,2014
Rhode Island,511900,57400.0,24000.0,41900,161200,79300,55100,10900.0,71900,1013700,,2014
South Carolina,2051600,252600.0,84500.0,154700,670000,428000,273700,123800.0,635500,4674300,,2014
South Dakota,412700,84200.0,13600.0,26300,77900,70800,35900,18400.0,81900,821600,,2014
Tennessee,2900900,417100.0,133000.0,227400,931700,506300,368200,130900.0,759300,6374800,,2014
Texas,12133900,1547900.0,316800.0,693100,3511500,1414700,1184200,464900.0,5013100,26280100,,2014
Utah,1689500,231400.0,46500.0,50400,218300,163900,98500,35200.0,357900,2891800,,2014
Vermont,287700,37500.0,15000.0,27600,111400,58500,29800,4500.0,27900,600000,,2014
Virginia,4296200,520800.0,83600.0,163200,658700,678500,350900,382900.0,871000,8006000,,2014
Washington,3477300,472700.0,138400.0,195200,937100,551700,305800,176300.0,633000,6887600,,2014
West Virginia,810900,45300.0,41200.0,66000,332200,205300,112900,18500.0,159300,1791600,,2014
Wisconsin,3080800,336400.0,111400.0,176100,667500,489900,274100,50200.0,417200,5603600,,2014
Wyoming,308000,41000.0,10300.0,16000,43000,40000,25500,14000.0,70600,568500,,2014
Puerto Rico,858000,262800.0,49200.0,340900,1345600,141600,284200,17800.0,213800,3514000,,2014
Alabama,2205700,289700.0,94000.0,188400,666300,436000,272300,97500.0,480300,4730100,,2015
Alaska,337000,35100.0,18100.0,20800,101100,35300,17700,39800.0,102800,707500,,2015
Arizona,2884400,468200.0,127500.0,197000,1139300,552700,437200,112200.0,736600,6655100,,2015
Arkansas,1194200,203100.0,61200.0,129900,547300,246200,182800,46100.0,271500,2882300,,2015
California,17555200,2946300.0,753500.0,1430600,7989800,2128400,1839200,406100.0,3276000,38325100,,2015
Colorado,2657000,452500.0,95200.0,127300,798700,369900,251900,132800.0,430000,5315400,,2015
Connecticut,1884200,227200.0,56500.0,111100,515400,273200,176200,23300.0,210900,3478100,,2015
Delaware,473900,48200.0,22400.0,26000,139600,93600,49400,13700.0,51500,918300,,2015
District of Columbia,344300,43700.0,8800.0,23200,136000,36200,13200,5700.0,23600,634800,,2015
Florida,7664500,2026100.0,277700.0,778600,2668600,1772200,1563400,407900.0,2653500,19812500,,2015
Georgia,4694200,707200.0,152900.0,295000,1320200,632500,494400,237500.0,1375700,9909700,,2015
Hawaii,742300,70100.0,29100.0,45000,170100,119800,62300,71900.0,52100,1362600,,2015
Idaho,742700,178800.0,37900.0,47400,189100,137700,79400,22000.0,182200,1617200,,2015
Illinois,6610300,847800.0,179600.0,294700,2068200,972500,599300,87900.0,889400,12549700,,2015
Indiana,3376300,360100.0,96800.0,159300,829000,568300,332700,59400.0,633300,6415100,,2015
Iowa,1637000,229300.0,90800.0,91400,366300,298300,134000,26000.0,146800,3019800,,2015
Kansas,1525400,219000.0,56100.0,69100,251900,234900,136000,63000.0,261200,2816600,,2015
Kentucky,2000400,220200.0,104800.0,179200,821100,367700,256500,72300.0,261100,4283400,,2015
Louisiana,2030900,293100.0,89100.0,186500,751300,288100,263800,80600.0,546800,4530300,,2015
Maine,603900,93700.0,29300.0,79400,149900,124300,80400,21000.0,110600,1292600,,2015
Maryland,3263700,365200.0,97500.0,149600,779900,469900,216900,105800.0,389700,5838300,,2015
Massachusetts,3662800,329500.0,171400.0,259000,1129000,535300,253300,30500.0,185000,6555600,,2015
Michigan,4880000,553800.0,226300.0,359300,1615700,1048100,361600,64500.0,584400,9693800,,2015
Minnesota,3023200,392200.0,115000.0,120300,733500,503300,198700,38600.0,240600,5365600,,2015
Mississippi,1171600,181900.0,50700.0,154000,539800,207300,165300,57500.0,361300,2889300,,2015
Missouri,3017800,442300.0,86400.0,167600,620500,516600,364900,100400.0,574400,5890900,,2015
Montana,446200,107700.0,15800.0,27600,109300,103500,59800,19700.0,116300,1005900,,2015
Nebraska,1017800,164500.0,29500.0,52600,155200,146200,95000,33500.0,144000,1838400,,2015
Nevada,1351800,188500.0,51700.0,74800,401700,180000,195500,48800.0,349800,2842700,,2015
New Hampshire,753000,71500.0,14200.0,27700,118800,130500,67900,14700.0,89200,1287600,,2015
New Jersey,4862000,486300.0,128000.0,246800,1148700,658200,432000,41000.0,773400,8776300,,2015
New Mexico,738400,101000.0,50000.0,80000,521600,155600,125600,40900.0,222200,2035300,,2015
New York,9544600,1045900.0,471300.0,811000,3662900,1377000,891600,96500.0,1368400,19269200,,2015
North Carolina,4365800,839500.0,149500.0,325200,1327300,823600,534300,266800.0,1101600,9733700,,2015
North Dakota,404600,72100.0,13300.0,16400,48000,65000,29000,18200.0,60000,726400,,2015
Ohio,5898000,552300.0,234800.0,307200,1813000,1001900,651100,101800.0,733400,11293300,,2015
Oklahoma,1728800,242600.0,57200.0,106800,491500,323300,216400,79900.0,537200,3783700,,2015
Oregon,1807100,297300.0,113000.0,128800,700100,365600,215300,43900.0,277600,3948700,,2015
Pennsylvania,6521800,843700.0,285900.0,429100,1573500,1254300,624100,73300.0,780600,12386400,,2015
Rhode Island,527300,55700.0,27200.0,38600,165500,85000,54300,8200.0,52500,1014400,,2015
South Carolina,2141000,316900.0,88100.0,165600,673100,431100,291900,112900.0,513400,4734000,,2015
South Dakota,399000,84900.0,12100.0,21500,77400,71000,46000,24200.0,92900,829000,,2015
Tennessee,3001900,429600.0,124600.0,223700,943000,500200,413200,127000.0,659600,6422800,,2015
Texas,12552000,1840300.0,331400.0,709100,3649600,1423700,1246400,464700.0,4560300,26777500,,2015
Utah,1718300,283800.0,51500.0,54800,220800,166100,104000,31700.0,314300,2945200,,2015
Vermont,294800,35100.0,11700.0,31000,113300,55900,31900,4800.0,23800,602400,,2015
Virginia,4319700,572700.0,94500.0,166200,710400,715400,354300,366900.0,751000,8051200,,2015
Washington,3500300,518300.0,173600.0,207900,1099300,571900,320900,152300.0,458200,7002800,,2015
West Virginia,812000,68100.0,39100.0,72000,365000,200400,114300,22400.0,98200,1791500,,2015
Wisconsin,3153600,348600.0,113900.0,161300,683800,511200,282300,41800.0,324300,5620900,,2015
Wyoming,309000,44800.0,8900.0,14100,46200,48100,24800,13800.0,59300,568900,,2015
Puerto Rico,869600,252600.0,46500.0,340300,1286500,142300,292100,18100.0,195100,3443200,,2015
Alabama,2216700,318500.0,84200.0,196600,671900,438300,274300,94400.0,435200,4730100,,2016
Alaska,336100,32200.0,21000.0,15000,102000,36300,20900,47900.0,103500,714900,,2016
Arizona,2928500,447700.0,122100.0,208600,1255200,555800,462600,105700.0,674800,6760900,,2016
Arkansas,1215700,195800.0,68200.0,126400,577300,239700,195200,44900.0,232200,2895400,,2016
California,17805300,2873100.0,784700.0,1508000,8173400,2138800,1921300,396600.0,2841000,38442400,,2016
Colorado,2727500,437800.0,99900.0,128000,817600,366400,281400,125900.0,413700,5398100,,2016
Connecticut,1893600,215700.0,55500.0,111100,533900,279300,180900,25200.0,170000,3465100,,2016
Delaware,484800,52500.0,13700.0,27900,137200,93600,49700,11300.0,53500,924300,,2016
District of Columbia,335300,43300.0,11700.0,32200,140000,32100,16000,7900.0,26000,644400,,2016
Florida,7911800,2031100.0,322500.0,826100,2676800,1777000,1684300,390500.0,2524000,20144000,,2016
Georgia,4750700,742500.0,171500.0,323200,1298700,657200,520400,244400.0,1292300,10001000,,2016
Hawaii,756200,62200.0,26800.0,39500,173400,135900,53900,69300.0,47400,1364600,,2016
Idaho,778600,171000.0,32800.0,50000,194500,141000,87600,25100.0,170200,1650700,,2016
Illinois,6634000,833700.0,193100.0,323700,2020700,961500,630500,79700.0,814300,12491200,,2016
Indiana,3430900,371000.0,108900.0,176700,865000,552400,353000,54500.0,518900,6431400,,2016
Iowa,1646700,207600.0,87700.0,94200,410800,287200,149400,24400.0,122400,3030400,,2016
Kansas,1510100,234900.0,55500.0,72400,263400,241600,136500,65800.0,236700,2817000,,2016
Kentucky,1982800,225000.0,93200.0,163400,888300,380400,261300,72500.0,220800,4287700,,2016
Louisiana,1959600,320100.0,105600.0,185600,855000,297500,278500,67400.0,461100,4530500,,2016
Maine,620000,94100.0,23900.0,74300,152300,128800,78200,20100.0,102000,1293800,,2016
Maryland,3263400,368500.0,97300.0,164500,778600,477400,237500,111600.0,357700,5856500,,2016
Massachusetts,3652400,348500.0,172100.0,270600,1130700,537500,258300,36500.0,163900,6570600,,2016
Michigan,4916700,575300.0,234600.0,345600,1613000,1034000,399700,58100.0,516600,9693500,,2016
Minnesota,3030100,392500.0,127100.0,112600,727900,533600,205100,36600.0,227400,5392900,,2016
Mississippi,1218300,173400.0,57300.0,142000,515300,204900,180500,56300.0,339300,2887300,,2016
Missouri,3050900,461300.0,74600.0,172100,612000,519100,391000,88000.0,529100,5898000,,2016
Montana,440500,97200.0,24400.0,37600,146400,94100,66800,23200.0,84900,1015100,,2016
Nebraska,1014900,159300.0,23400.0,48100,165500,153800,84400,31900.0,163800,1845000,,2016
Nevada,1393700,186500.0,53800.0,75200,427500,194700,185300,52700.0,321000,2890400,,2016
New Hampshire,741700,75500.0,18800.0,31500,123600,132100,73000,12900.0,82100,1291300,,2016
New Jersey,4901100,501600.0,135000.0,246600,1140200,688300,436800,37300.0,675900,8762700,,2016
New Mexico,749000,102200.0,43700.0,82800,532100,152000,134800,49900.0,183000,2029400,,2016
New York,9451400,1140400.0,509900.0,836400,3729300,1377500,909200,96900.0,1170500,19221500,,2016
North Carolina,4471300,804900.0,171000.0,321400,1344700,850700,566900,269400.0,1029700,9829900,,2016
North Dakota,403300,72100.0,11500.0,18300,50600,70600,23800,18600.0,57000,725900,,2016
Ohio,5898400,553700.0,234500.0,309800,1856700,1004100,694800,97400.0,629400,11278700,,2016
Oklahoma,1711800,251400.0,67600.0,106300,516500,316400,236300,70400.0,524200,3800800,,2016
Oregon,1879400,305700.0,108900.0,126000,699200,378000,230600,37800.0,249000,4014500,,2016
Pennsylvania,6368900,832100.0,289100.0,421500,1743900,1287700,628200,70600.0,722700,12364700,,2016
Rhode Island,527000,70400.0,28000.0,46000,149000,83400,59300,8000.0,42900,1013900,,2016
South Carolina,2174800,328800.0,99900.0,174100,693000,442700,300100,115700.0,476200,4805300,,2016
South Dakota,440700,71000.0,14500.0,21200,82700,72500,44400,19700.0,69200,835800,,2016
Tennessee,3013400,438100.0,147200.0,235100,996800,516800,408900,119800.0,591700,6467700,,2016
Texas,12775700,1879900.0,360500.0,699100,3697500,1458200,1308900,476400.0,4522200,27178300,,2016
Utah,1801900,278200.0,60900.0,54800,235800,163700,114700,34300.0,255200,2999300,,2016
Vermont,288400,34900.0,11500.0,31800,116900,58300,31600,4600.0,21600,599600,,2016
Virginia,4362200,584700.0,92300.0,164300,672300,740200,373600,376900.0,714400,8080900,,2016
Washington,3624400,462200.0,175200.0,213900,1126200,585200,338800,174700.0,423800,7124100,,2016
West Virginia,773800,64600.0,47900.0,81600,382200,198500,125600,19800.0,87700,1781700,,2016
Wisconsin,3140500,350600.0,133700.0,181700,668900,503200,299900,52100.0,292600,5623300,,2016
Wyoming,296700,49400.0,10400.0,15200,45900,49100,25200,15100.0,62500,569400,,2016
Puerto Rico,818300,263100.0,48200.0,334600,1245000,147600,291900,15700.0,214600,3379100,,2016
Alabama,2179900,292200.0,99700.0,195000,683200,451400,294400,93100.0,452600,4741400,,2017
Alaska,320700,22900.0,18200.0,18200,120100,40600,22500,48200.0,98700,710100,,2017
Arizona,3075100,396400.0,129900.0,208100,1188400,571100,475800,110100.0,686400,6841300,,2017
Arkansas,1208600,183200.0,72200.0,136500,575900,246300,204300,49700.0,233100,2910000,,2017
California,18253400,2876500.0,771000.0,1488600,7978900,2131600,2050400,363900.0,2799600,38713900,,2017
Colorado,2771900,409600.0,105000.0,135600,833000,368200,296500,131500.0,409800,5461100,,2017
Connecticut,1871900,206500.0,62000.0,120500,523700,282900,191100,23600.0,196500,3478700,,2017
Delaware,494500,48500.0,25000.0,25400,116600,99800,55800,14300.0,52000,931700,,2017
District of Columbia,349700,40500.0,14000.0,35800,134800,33800,17200,7900.0,23900,657600,,2017
Florida,8155800,1985000.0,306000.0,843400,2670000,1777500,1758900,382300.0,2653500,20532300,,2017
Georgia,4922000,657700.0,158800.0,331900,1268800,652900,541900,233200.0,1354200,10121400,,2017
Hawaii,734100,65300.0,33400.0,34100,170200,139700,59700,68300.0,51300,1356100,,2017
Idaho,782500,160300.0,42600.0,54400,196500,142200,93100,29900.0,180500,1682100,,2017
Illinois,6675200,751400.0,179600.0,324600,1996000,967800,668900,76700.0,856400,12496600,,2017
Indiana,3419700,349500.0,115600.0,179700,875300,555300,362600,57800.0,543900,6459400,,2017
Iowa,1684000,203900.0,78600.0,86500,383400,299500,150900,25600.0,133200,3045600,,2017
Kansas,1539300,195500.0,44400.0,72000,264200,253800,137900,70400.0,240000,2817600,,2017
Kentucky,1999600,195500.0,95400.0,182000,890300,382500,265700,61000.0,234900,4307100,,2017
Louisiana,1974300,262300.0,113600.0,191000,979100,289900,286400,68000.0,377000,4541500,,2017
Maine,639100,84100.0,18800.0,73400,143600,129400,87400,22400.0,101800,1300200,,2017
Maryland,3310300,329400.0,97400.0,163400,789200,493300,239500,108100.0,362400,5892900,,2017
Massachusetts,3655700,357000.0,188100.0,260100,1116200,558200,268700,34200.0,182400,6620600,,2017
Michigan,4994900,524800.0,216800.0,352500,1612300,1045100,419800,55400.0,498700,9720300,,2017
Minnesota,3132200,315200.0,120400.0,111300,712200,532300,239600,40100.0,243300,5446600,,2017
Mississippi,1211100,172900.0,56100.0,157900,490900,216900,169800,60300.0,348500,2884500,,2017
Missouri,3052200,414500.0,86200.0,161700,633000,530500,418100,88600.0,536500,5921300,,2017
Montana,445800,95800.0,18000.0,30700,149000,99700,68200,22300.0,93100,1022600,,2017
Nebraska,1033200,147100.0,24800.0,43400,163300,153600,95500,37800.0,160500,1859200,,2017
Nevada,1451300,157100.0,50600.0,74900,432700,196300,204400,53200.0,325900,2946600,,2017
New Hampshire,743200,72100.0,20100.0,26500,132700,137500,79800,11700.0,73400,1297000,,2017
New Jersey,4939800,500100.0,140400.0,258700,1112200,669000,483700,47100.0,672900,8823900,,2017
New Mexico,738800,98400.0,55200.0,95500,533700,148800,139000,42500.0,186100,2038200,,2017
New York,9536300,1139400.0,520900.0,854800,3706500,1417400,944600,87400.0,1108600,19315700,,2017
North Carolina,4611100,713400.0,157400.0,326900,1346100,857100,595500,272800.0,1068600,9948800,,2017
North Dakota,421100,66000.0,10500.0,13800,53500,68100,26800,11700.0,54500,726000,,2017
Ohio,5897600,547000.0,211400.0,317400,1857900,1012600,717100,101200.0,661300,11323500,,2017
Oklahoma,1723800,223100.0,72300.0,109100,502800,318600,242100,80100.0,531900,3803700,,2017
Oregon,1912500,290400.0,98300.0,133700,697600,373700,243100,38900.0,274800,4063000,,2017
Pennsylvania,6467000,732600.0,289400.0,437300,1717700,1272100,715100,72600.0,685400,12389100,,2017
Rhode Island,520500,60900.0,24900.0,38100,176200,82900,58300,8500.0,45600,1015900,,2017
South Carolina,2205500,297200.0,87900.0,167800,666600,452200,333100,112800.0,541600,4864600,,2017
South Dakota,437400,73700.0,15300.0,23700,75500,68500,51800,13600.0,77300,837000,,2017
Tennessee,3112200,390000.0,138500.0,237400,966900,528400,424200,125300.0,615300,6538200,,2017
Texas,13126800,1671800.0,375700.0,718600,3607100,1457300,1383100,475000.0,4805800,27621300,,2017
Utah,1831800,273900.0,58100.0,51700,230400,170900,120400,35100.0,275000,3047400,,2017
Vermont,278000,29300.0,17300.0,29100,122200,59300,35700,4100.0,25100,600200,,2017
Virginia,4369800,562900.0,98400.0,180400,689800,748600,380500,390800.0,719500,8140700,,2017
Washington,3748100,441100.0,167000.0,204200,1134300,594800,365800,144600.0,440000,7239800,,2017
West Virginia,755100,65800.0,42200.0,76000,375300,198900,124700,22600.0,101400,1762100,,2017
Wisconsin,3191800,338400.0,125200.0,191200,632200,522800,311800,39900.0,289700,5643000,,2017
Wyoming,293700,37300.0,9300.0,13900,47900,52200,27900,12000.0,69200,563300,,2017
Puerto Rico,772900,283800.0,39800.0,344500,1164600,144800,309100,20600.0,224700,3304800,,2017
Alabama,2232000,257400.0,83600.0,196400,648300,446400,308500,96600.0,483400,4752600,,2018
Alaska,341300,26000.0,21600.0,20300,109300,40900,25900,38500.0,85400,709100,,2018
Arizona,3114300,381600.0,143700.0,229400,1195200,585400,506800,104500.0,743500,7004300,,2018
Arkansas,1223300,162400.0,64300.0,135600,596600,244500,211400,41200.0,242000,2921300,,2018
California,18346700,2802100.0,791100.0,1510000,7893200,2194000,2046200,388400.0,2774100,38745900,,2018
Colorado,2895000,398500.0,98500.0,136500,792200,393200,299100,117000.0,425200,5555200,,2018
Connecticut,1868600,188600.0,60900.0,119000,535400,282400,200900,25600.0,185100,3466300,,2018
Delaware,468100,44100.0,22900.0,30200,147400,103700,55900,11400.0,54000,937700,,2018
District of Columbia,353600,47200.0,13600.0,29900,141300,36500,19100,5400.0,21200,667900,,2018
Florida,8339600,2011400.0,312300.0,887400,2559900,1786500,1837900,366900.0,2741500,20843500,,2018
Georgia,4959400,581700.0,169300.0,342600,1269600,681800,565000,236600.0,1406800,10212800,,2018
Hawaii,739700,62200.0,23700.0,38300,174500,140700,58200,65200.0,52200,1354800,,2018
Idaho,809800,149300.0,31600.0,58400,194600,156600,94400,33200.0,191700,1719600,,2018
Illinois,6744300,699900.0,172600.0,324100,1864800,985100,692300,77500.0,877700,12438400,,2018
Indiana,3493600,302900.0,122500.0,176100,844700,546400,398000,53600.0,549200,6487100,,2018
Iowa,1661500,167700.0,85500.0,92800,414400,308000,149500,26300.0,151100,3056800,,2018
Kansas,1538700,173400.0,51300.0,75200,269900,242600,154000,64100.0,245500,2814700,,2018
Kentucky,2026800,182000.0,91700.0,178800,873000,388500,273800,65000.0,240800,4320300,,2018
Louisiana,1918200,241100.0,116900.0,180900,1025700,309400,298400,70000.0,358700,4519300,,2018
Maine,629600,83000.0,32200.0,73300,134000,135200,88600,21400.0,102000,1299500,,2018
Maryland,3266600,314200.0,112300.0,173500,800500,506500,236300,110600.0,350200,5870800,,2018
Massachusetts,3680100,375200.0,176600.0,286100,1083700,561000,281200,34700.0,181200,6659900,,2018
Michigan,4978500,505700.0,238300.0,361900,1591400,1070500,440400,57000.0,526500,9770000,,2018
Minnesota,3150400,304300.0,119400.0,122200,742200,552100,221300,38300.0,238700,5489000,,2018
Mississippi,1249500,149100.0,49600.0,143500,480900,213100,193800,47000.0,352800,2879400,,2018
Missouri,3101200,345700.0,90900.0,178500,618500,515500,438900,88700.0,556600,5934500,,2018
Montana,455000,74900.0,22600.0,33800,162500,110300,70200,20800.0,83900,1034000,,2018
Nebraska,1031800,135500.0,30100.0,47000,171600,156400,104900,33600.0,158100,1868900,,2018
Nevada,1441400,162400.0,63600.0,88000,423000,197000,211100,58200.0,338700,2983400,,2018
New Hampshire,753000,65300.0,17000.0,32500,135400,137000,87400,14400.0,68200,1310300,,2018
New Jersey,4936900,484100.0,133100.0,254300,1069500,692600,471900,38500.0,647600,8728300,,2018
New Mexico,748100,87500.0,59300.0,95800,518200,161000,145300,39100.0,190900,2045300,,2018
New York,9388700,1127200.0,528500.0,870900,3604000,1441400,965100,84100.0,1006900,19016900,,2018
North Carolina,4712500,652300.0,161500.0,335300,1331000,874200,617300,270300.0,1090100,10044400,,2018
North Dakota,415700,60800.0,14200.0,18300,51800,67600,29400,16500.0,56300,730600,,2018
Ohio,5890600,519700.0,198500.0,332300,1823200,1013800,739900,102500.0,735400,11355900,,2018
Oklahoma,1756000,223000.0,72000.0,104800,496600,329600,231100,81800.0,521400,3816100,,2018
Oregon,1955300,268600.0,96900.0,136900,673200,383900,258000,42200.0,295900,4110800,,2018
Pennsylvania,6478900,670700.0,319200.0,423400,1756100,1285600,684600,77300.0,692400,12388100,,2018
Rhode Island,527600,54700.0,23400.0,48100,166400,83100,61300,8600.0,40900,1014000,,2018
South Carolina,2231700,299800.0,99800.0,174100,686800,474800,332200,113500.0,517100,4929800,,2018
South Dakota,439200,70100.0,13600.0,22000,77600,71400,54900,20600.0,79400,848700,,2018
Tennessee,3070000,379700.0,152600.0,236600,970700,537700,437200,131700.0,670300,6586400,,2018
Texas,13234000,1683300.0,357600.0,757900,3608900,1478400,1456600,489700.0,4957500,28024000,,2018
Utah,1879400,282600.0,53900.0,52300,207400,187900,122500,40700.0,279300,3105900,,2018
Vermont,295100,38000.0,12200.0,25300,101900,56000,42800,4900.0,24500,600600,,2018
Virginia,4440600,511600.0,88000.0,176400,706500,757400,428200,362800.0,710500,8182100,,2018
Washington,3802400,406600.0,160600.0,211200,1166700,612000,379600,147300.0,481700,7368000,,2018
West Virginia,773100,55400.0,43600.0,78900,340900,196300,133200,22600.0,108200,1752300,,2018
Wisconsin,3202300,302300.0,117200.0,177100,646200,531300,329700,43200.0,313600,5662800,,2018
Wyoming,309900,38900.0,7000.0,13300,36800,49500,34600,11100.0,59200,560300,,2018
Puerto Rico,743000,254100.0,39400.0,356400,1121400,140200,288100,18800.0,203100,3164400,,2018
Alabama,2250900,263400.0,83900.0,201900,643700,442300,321500,99000.0,460400,4767100,,2019
Alaska,339800,24700.0,21600.0,21900,105900,43600,26600,37100.0,80500,701700,,2019
Arizona,3202000,366500.0,129900.0,231500,1128200,593100,552100,105600.0,789100,7098000,,2019
Arkansas,1226300,157300.0,57000.0,127400,582700,237200,227000,41800.0,265800,2922500,,2019
California,18538700,2569600.0,742300.0,1510500,7537300,2235600,2153200,350200.0,3005400,38642700,,2019
Colorado,2997100,389900.0,83200.0,138200,720900,386200,332300,127200.0,436700,5611800,,2019
Connecticut,1827200,165900.0,65000.0,129700,549200,283000,204900,23900.0,204500,3453300,,2019
Delaware,467700,38900.0,24100.0,32300,135000,108900,53700,17300.0,62500,940300,,2019
District of Columbia,368400,43400.0,15200.0,30900,125000,37000,18300,9000.0,24200,671300,,2019
Florida,8454200,1995300.0,277200.0,890200,2475800,1848500,1927500,366300.0,2757000,20992000,,2019
Georgia,5037600,575200.0,163900.0,352200,1261600,690800,605500,228300.0,1379000,10294000,,2019
Hawaii,729900,54700.0,28500.0,41000,167300,147200,65900,54000.0,54500,1343000,,2019
Idaho,858100,150100.0,35300.0,46800,190500,156800,106100,23700.0,183600,1750900,,2019
Illinois,6743800,637800.0,163100.0,310400,1776600,999400,742000,83200.0,905900,12362300,,2019
Indiana,3473000,284100.0,109100.0,188000,855800,549000,416800,65900.0,570100,6511800,,2019
Iowa,1664600,150100.0,67800.0,88000,440600,303000,174900,26800.0,144400,3060200,,2019
Kansas,1527000,158800.0,47800.0,71200,270500,270500,150700,55300.0,259300,2811200,,2019
Kentucky,2028200,169600.0,84600.0,187500,829200,383900,300400,60200.0,275700,4319300,,2019
Louisiana,1882500,219500.0,90900.0,195900,1030000,297800,320700,61100.0,400200,4498600,,2019
Maine,605600,74000.0,32000.0,74000,153900,138200,99700,19900.0,105000,1302300,,2019
Maryland,3213800,319600.0,102800.0,178200,820400,524800,254800,114100.0,347100,5875500,,2019
Massachusetts,3716400,359400.0,171800.0,285700,1010900,563000,309100,32300.0,202300,6650800,,2019
Michigan,4968100,511700.0,223800.0,368300,1523200,1079800,473500,55500.0,561600,9765600,,2019
Minnesota,3186600,284500.0,114400.0,118700,699700,554200,255100,36500.0,265000,5514800,,2019
Mississippi,1209700,135500.0,47000.0,150300,495900,207800,199300,51500.0,370300,2867100,,2019
Missouri,3089700,341500.0,75500.0,167600,611000,534500,440700,79200.0,600100,5939900,,2019
Montana,446600,83600.0,24200.0,31900,160600,106300,81400,18300.0,86600,1039400,,2019
Nebraska,1064200,128500.0,31000.0,49600,155000,155000,111300,30700.0,148300,1873600,,2019
Nevada,1498600,167800.0,41500.0,85000,412100,192400,230800,52400.0,349000,3029700,,2019
New Hampshire,738900,70100.0,15400.0,26300,131000,145200,87100,15300.0,84600,1314000,,2019
New Jersey,4844600,471000.0,120600.0,250800,1075200,689300,512400,45100.0,690300,8699400,,2019
New Mexico,748000,82500.0,62800.0,100200,504300,163000,143800,36300.0,200500,2041400,,2019
New York,9423800,1094500.0,474700.0,870500,3507400,1462800,992800,81700.0,1000100,18908300,,2019
North Carolina,4692000,675300.0,166100.0,333300,1313700,894900,658200,246900.0,1159300,10139700,,2019
North Dakota,406900,65500.0,14400.0,17200,57400,69400,31100,15100.0,54000,731000,,2019
Ohio,5973000,454200.0,207500.0,320000,1746600,1041900,762500,85900.0,760000,11351500,,2019
Oklahoma,1742700,209300.0,61500.0,108400,481700,325300,251600,75600.0,571000,3826900,,2019
Oregon,2037300,235300.0,96800.0,133000,628200,382100,285600,37100.0,293500,4128900,,2019
Pennsylvania,6413400,636800.0,292400.0,461000,1752700,1298800,716300,97100.0,709100,12377600,,2019
Rhode Island,549100,59600.0,32500.0,45900,130500,83400,64800,8000.0,43400,1017100,,2019
South Carolina,2264600,302200.0,94400.0,175400,666000,489600,345300,107400.0,539300,4984200,,2019
South Dakota,438000,70300.0,12100.0,20700,76100,76400,60400,15600.0,81500,851300,,2019
Tennessee,3177400,374800.0,128100.0,225000,940400,540200,455600,122700.0,676800,6640900,,2019
Texas,13461200,1603200.0,338200.0,755400,3396400,1496900,1572800,455100.0,5207000,28286200,,2019
Utah,1909100,294300.0,48100.0,52500,191700,181300,134100,39300.0,303700,3154100,,2019
Vermont,289600,29000.0,15100.0,26000,101800,66900,37500,5700.0,26600,598100,,2019
Virginia,4429500,423400.0,98600.0,182500,826400,759300,448700,361700.0,654900,8185100,,2019
Washington,3928300,373400.0,151600.0,207600,1109500,630800,398400,135300.0,488900,7423900,,2019
West Virginia,764600,43800.0,39400.0,84200,338900,204300,126200,23000.0,114500,1739000,,2019
Wisconsin,3209400,299400.0,105500.0,181700,624300,543600,339000,47200.0,327000,5677100,,2019
Wyoming,287700,39900.0,6300.0,13200,45400,54200,36700,10200.0,69000,562700,,2019
Puerto Rico,747900,250000.0,32300.0,357400,1066300,137900,308800,16000.0,248000,3164500,,2019
Alabama,2281400,293700.0,97800.0,185500,657900,433700,358300,102900.0,489600,4900800,,2021
Alaska,302500,29000.0,29500.0,18900,131200,42800,32100,37000.0,75700,698700,,2021
Arizona,3197100,385500.0,176800.0,215500,1125000,590100,558500,108500.0,750200,7107300,,2021
Arkansas,1205800,163700.0,66600.0,129000,598300,232200,226500,45000.0,269300,2936400,,2021
California,18023400,2687400.0,991500.0,1522400,7649600,2197500,2290900,312300.0,2704300,38379200,,2021
Colorado,2905400,394100.0,131200.0,151400,766100,379500,361900,123500.0,451000,5664200,,2021
Connecticut,1817000,193400.0,73800.0,142700,576300,261600,232800,24300.0,179600,3501500,,2021
Delaware,474900,60300.0,27200.0,29600,143400,114500,56900,11600.0,55700,974100,,2021
District of Columbia,357200,34200.0,10500.0,27800,119600,35000,18500,7300.0,23300,633400,,2021
Florida,8522900,2219600.0,410000.0,865200,2511800,1778600,2041700,366800.0,2588100,21304700,,2021
Georgia,5057400,638500.0,214300.0,344500,1328000,689300,646300,226900.0,1333100,10478300,,2021
Hawaii,696500,60800.0,49500.0,40300,188200,149000,70600,60400.0,49800,1365100,,2021
Idaho,893700,123500.0,55800.0,56600,263200,155500,123300,34000.0,159400,1865000,,2021
Illinois,6580700,641000.0,239700.0,343800,1862500,973900,794300,81500.0,851500,12368800,,2021
Indiana,3466900,297900.0,160200.0,196500,948300,533600,444600,59100.0,494100,6601300,,2021
Iowa,1648500,163400.0,89300.0,96300,433400,284200,199700,25600.0,152800,3093200,,2021
Kansas,1507100,169700.0,59200.0,79700,293500,245000,174100,52600.0,262300,2843100,,2021
Kentucky,1944500,188200.0,133300.0,177500,950900,376900,297400,52400.0,244400,4365500,,2021
Louisiana,1822500,212600.0,118100.0,229700,1086400,286700,321600,65700.0,337000,4480200,,2021
Maine,650700,88000.0,31500.0,71300,157600,137700,109800,18100.0,72200,1336900,,2021
Maryland,3175800,336500.0,152200.0,180800,881500,535600,254100,111800.0,364000,5992100,,2021
Massachusetts,3686800,402100.0,222300.0,285400,1056800,559400,341000,24600.0,165600,6744100,,2021
Michigan,4923800,477300.0,278900.0,391800,1646700,1057600,509300,53800.0,502600,9841800,,2021
Minnesota,3119600,305200.0,151300.0,120600,761300,577000,275100,35800.0,239200,5585100,,2021
Mississippi,1200600,156100.0,57900.0,153200,473800,204100,209700,55800.0,339300,2850600,,2021
Missouri,3118100,370100.0,114200.0,157300,610500,491600,490000,78500.0,557100,5987500,,2021
Montana,469100,90000.0,19700.0,39700,153400,107400,82000,26500.0,86000,1073800,,2021
Nebraska,1055400,127500.0,44500.0,47400,192700,153600,117500,34100.0,134400,1907000,,2021
Nevada,1431000,185200.0,76500.0,92700,473200,192300,242300,45600.0,351500,3090300,,2021
New Hampshire,776500,67400.0,21600.0,30100,130400,142600,95000,16200.0,66900,1346700,,2021
New Jersey,4960500,519300.0,167100.0,269900,1232300,698900,551400,35000.0,650700,9085100,,2021
New Mexico,701700,90900.0,65300.0,94600,549200,169800,152700,33100.0,205800,2063100,,2021
New York,9198700,1135600.0,591800.0,904100,3837800,1472300,1088400,67900.0,1013200,19309800,,2021
North Carolina,4697600,707200.0,214600.0,345600,1354800,868000,710800,253600.0,1059400,10211700,,2021
North Dakota,426300,58900.0,12600.0,13300,46900,69000,37600,20300.0,56800,741600,,2021
Ohio,5807000,505300.0,270100.0,344400,1862500,983200,844500,95600.0,743100,11455700,,2021
Oklahoma,1657100,212300.0,100700.0,106300,567600,329600,266600,87100.0,531300,3858600,,2021
Oregon,1968400,231800.0,132800.0,138100,720800,374400,306300,36800.0,254000,4163500,,2021
Pennsylvania,6478700,670400.0,384700.0,452300,1778300,1251900,798200,68600.0,681000,12564000,,2021
Rhode Island,530700,59300.0,31400.0,45500,174100,85500,73100,5500.0,45100,1050300,,2021
South Carolina,2214900,341900.0,105000.0,185100,724200,478400,377600,108800.0,504700,5040600,,2021
South Dakota,430400,75700.0,15000.0,22100,82300,79300,54800,23100.0,81200,863800,,2021
Tennessee,3232400,405400.0,193000.0,250600,890400,530400,491700,115900.0,686300,6796100,,2021
Texas,13309700,1736300.0,502400.0,760000,3626300,1520100,1678100,509900.0,5202500,28845300,,2021
Utah,1946800,296400.0,71400.0,62700,227900,173600,160500,42700.0,299700,3281800,,2021
Vermont,299300,33100.0,14100.0,30400,108200,66300,43000,,20700,619700,,2021
Virginia,4480200,395600.0,157300.0,190600,938600,732300,507800,336400.0,566300,8305000,,2021
Washington,3908800,381900.0,219000.0,221600,1144900,613600,429300,144000.0,489100,7552200,,2021
West Virginia,737100,56200.0,50900.0,81900,354800,203300,125000,16800.0,107000,1733000,,2021
Wisconsin,3132100,306400.0,142000.0,186800,713700,539000,381400,44600.0,308400,5754400,,2021
Wyoming,279000,47700.0,13000.0,14200,37700,54000,41100,11700.0,65000,563500,,2021
Puerto Rico,737200,280800.0,42200.0,354600,1120600,139500,353300,18400.0,186300,3233000,,2021
Alabama,2274100,293500.0,120000.0,201600,702000,431700,371800,99900.0,421400,4916000,,2022
Alaska,325000,34000.0,27100.0,18500,113900,50000,29400,26100.0,74700,698600,,2022
Arizona,3273400,412400.0,163600.0,222500,1106600,577400,584200,105800.0,743700,7189700,,2022
Arkansas,1212700,162900.0,82600.0,125700,602000,238200,238100,39300.0,251300,2952900,,2022
California,17951800,2641000.0,1003300.0,1575400,7650100,2211400,2365800,310400.0,2477900,38187000,,2022
Colorado,2998800,388600.0,124600.0,143200,766200,381200,380100,112900.0,399600,5695100,,2022
Connecticut,1842300,182200.0,80400.0,147100,557000,252300,247000,17600.0,180700,3506600,,2022
Delaware,498300,53700.0,23700.0,28600,139600,119100,63000,10200.0,54600,990700,,2022
District of Columbia,367800,36500.0,10600.0,29200,114200,32700,21600,7400.0,18600,638600,,2022
Florida,8743700,2366700.0,347600.0,871100,2627500,1812600,2127400,374100.0,2422900,21693500,,2022
Georgia,5120900,717200.0,230900.0,351800,1361700,683900,692800,210400.0,1240200,10609800,,2022
Hawaii,679100,72000.0,37400.0,41800,189900,156800,75700,67000.0,49700,1369500,,2022
Idaho,896300,138200.0,62700.0,61200,261300,154600,130600,26400.0,154000,1885200,,2022
Illinois,6526500,636300.0,229500.0,371200,1874700,955700,816600,70600.0,815100,12296100,,2022
Indiana,3460700,316900.0,151400.0,206800,1001400,521300,475300,53400.0,452000,6639400,,2022
Iowa,1656500,163000.0,107800.0,102600,429300,292000,202100,21600.0,126000,3101000,,2022
Kansas,1517600,186700.0,56900.0,76600,270300,242300,184700,57000.0,246300,2838500,,2022
Kentucky,2004400,163000.0,122800.0,180200,933600,372100,312100,51200.0,237700,4377200,,2022
Louisiana,1805300,216700.0,146600.0,213700,1082900,307600,314500,61200.0,303000,4451600,,2022
Maine,632700,83800.0,31200.0,68300,165400,137100,116100,25300.0,88100,1348100,,2022
Maryland,3240200,323700.0,136400.0,197400,856500,533400,272800,91800.0,358900,6011200,,2022
Massachusetts,3673400,375100.0,200500.0,306400,1085800,555900,369800,27400.0,163600,6757900,,2022
Michigan,4935000,506800.0,303800.0,367000,1615900,1025200,563500,54000.0,453200,9824500,,2022
Minnesota,3125000,299500.0,144000.0,122800,758100,577200,286400,45100.0,242300,5600400,,2022
Mississippi,1201200,179000.0,68800.0,157000,455000,207700,204900,49400.0,305900,2828900,,2022
Missouri,3098400,355300.0,111700.0,175700,671800,485000,511500,80200.0,500400,5990000,,2022
Montana,475000,84400.0,23200.0,34800,174400,104200,88100,20600.0,88800,1093400,,2022
Nebraska,1031200,141300.0,42200.0,51000,207000,148400,128400,34800.0,129300,1913700,,2022
Nevada,1456200,166800.0,73000.0,97800,475500,200400,248400,59600.0,347700,3125400,,2022
New Hampshire,758900,88600.0,17800.0,34400,129300,144000,108800,15200.0,61400,1358400,,2022
New Jersey,4963900,511400.0,172100.0,284500,1219500,697300,579000,40400.0,623300,9091400,,2022
New Mexico,741600,85900.0,62800.0,104300,521200,159200,165800,45000.0,171800,2057700,,2022
New York,9045200,1067800.0,603000.0,980000,3883700,1457900,1119700,74500.0,930000,19161800,,2022
North Carolina,4811900,762000.0,214000.0,341100,1366500,868600,752900,249500.0,973700,10340200,,2022
North Dakota,421100,57800.0,13200.0,13500,63000,71800,38000,16500.0,49200,744000,,2022
Ohio,5891400,509700.0,276100.0,357800,1802500,985200,878300,87300.0,667400,11455600,,2022
Oklahoma,1678300,221400.0,95300.0,104900,649800,311600,280200,77000.0,463300,3881900,,2022
Oregon,1990500,242400.0,141000.0,156600,669700,361100,317400,29100.0,251600,4159500,,2022
Pennsylvania,6392700,627800.0,412400.0,494800,1784700,1208600,874300,76300.0,672800,12544400,,2022
Rhode Island,538100,68000.0,27800.0,46300,156400,84300,77300,7300.0,43300,1048800,,2022
South Carolina,2303500,346900.0,117700.0,188300,693400,493100,395900,116700.0,461800,5117400,,2022
South Dakota,452000,66600.0,14100.0,24400,78400,73800,68600,25800.0,69700,873400,,2022
Tennessee,3311000,452200.0,159700.0,229800,917300,524300,511300,122100.0,648200,6875900,,2022
Texas,13854500,1963800.0,511000.0,772600,3635700,1503800,1746300,466500.0,4868100,29322500,,2022
Utah,1994400,325100.0,64200.0,57300,231200,179700,164700,37300.0,267700,3321500,,2022
Vermont,299800,35500.0,13300.0,25000,102200,71700,46600,5800.0,24500,624300,,2022
Virginia,4417500,394100.0,160700.0,191300,1038300,736100,519700,328400.0,546900,8332800,,2022
Washington,3978100,399600.0,213600.0,238300,1119200,598600,471700,128200.0,455000,7602300,,2022
West Virginia,741000,50100.0,47900.0,85300,351600,187900,136100,18200.0,100800,1718800,,2022
Wisconsin,3125400,293400.0,149600.0,192300,695300,538500,418600,34500.0,310100,5757500,,2022
Wyoming,283700,42400.0,7500.0,15600,42100,51800,45000,11500.0,65700,565300,,2022
Puerto Rico,725100,287500.0,39800.0,349400,1099600,139100,371200,16500.0,162200,3190400,,2022
Alabama,2291200,306100.0,113600.0,208000,701600,432300,372400,103200.0,416700,4945200,,2023
Alaska,306900,37800.0,24200.0,22000,114600,52400,27800,41300.0,73300,700500,,2023
Arizona,3379200,383200.0,154000.0,246600,1082300,574100,619200,100600.0,713800,7252900,,2023
Arkansas,1260700,170400.0,68400.0,119200,563400,229400,245300,43800.0,272900,2973600,,2023
California,17932200,2509800.0,937800.0,1626300,7795400,2184800,2405600,311200.0,2435100,38138100,,2023
Colorado,2987500,389900.0,134700.0,149700,787200,362900,415200,115000.0,382500,5724600,,2023
Connecticut,1804200,175400.0,71600.0,155800,571200,252400,266800,21800.0,195500,3514700,,2023
Delaware,480300,41900.0,30400.0,34700,151700,114400,72800,8400.0,68300,1002900,,2023
District of Columbia,380300,27900.0,,28500,120600,33900,18000,5400.0,17500,646000,,2023
Florida,8946200,2456600.0,384000.0,906100,2617200,1803700,2193700,411000.0,2357500,22076000,,2023
Georgia,5083500,785300.0,236800.0,373900,1406400,661400,717600,235700.0,1219600,10720100,,2023
Hawaii,682800,65200.0,46000.0,45100,196000,156900,75300,60500.0,38400,1366300,,2023
Idaho,925300,131800.0,57400.0,50300,242700,158400,142800,28600.0,172800,1910000,,2023
Illinois,6609900,617000.0,237700.0,365200,1790600,946500,858100,75000.0,752700,12252700,,2023
Indiana,3455700,316600.0,158800.0,213600,1016500,515000,482600,54000.0,450700,6663600,,2023
Iowa,1640900,151600.0,100000.0,106000,429800,275700,221500,24100.0,156600,3106200,,2023
Kansas,1516500,181300.0,61600.0,72800,273900,247800,191800,52400.0,237700,2835800,,2023
Kentucky,2025400,155500.0,119800.0,178800,927900,358300,325300,55000.0,247600,4393500,,2023
Louisiana,1811800,199300.0,137800.0,215600,1074700,316000,314000,52900.0,308500,4430700,,2023
Maine,628700,83800.0,33600.0,74100,182700,127400,127300,16000.0,82100,1355600,,2023
Maryland,3241400,340300.0,122900.0,192500,821900,530300,288400,96000.0,380900,6014600,,2023
Massachusetts,3701000,360000.0,199700.0,321900,1074400,562200,351200,27600.0,177500,6775600,,2023
Michigan,4892300,481400.0,311800.0,393200,1646900,1021600,590100,51200.0,433300,9821800,,2023
Minnesota,3169800,286800.0,148600.0,133600,745200,552000,316200,37600.0,225100,5614900,,2023
Mississippi,1211200,185300.0,56200.0,141600,466700,207700,216200,52400.0,296200,2833500,,2023
Missouri,3085200,320000.0,111500.0,172700,777900,471500,545600,81700.0,449700,6016000,,2023
Montana,462800,86000.0,28600.0,31400,179200,110200,90100,23600.0,93600,1105600,,2023
Nebraska,1020000,144100.0,50900.0,51700,221700,154800,130700,28800.0,121800,1924500,,2023
Nevada,1467000,173900.0,103700.0,92800,451200,206800,257700,51200.0,335100,3139600,,2023
New Hampshire,754000,93400.0,24000.0,31200,127500,146300,111400,11500.0,62300,1361400,,2023
New Jersey,4929500,515700.0,158700.0,278200,1269000,693700,596200,30400.0,652700,9124100,,2023
New Mexico,714200,86200.0,82000.0,104700,520000,174900,161000,34500.0,184800,2062400,,2023
New York,8944900,1042300.0,617100.0,1058800,3802300,1449800,1143700,68300.0,921200,19048400,,2023
North Carolina,4873900,754200.0,229100.0,368300,1404600,843300,793700,251200.0,965200,10483400,,2023
North Dakota,428600,56700.0,13700.0,18800,62700,72000,41100,19600.0,31300,744500,,2023
Ohio,5846900,502300.0,257000.0,377700,1818100,949000,921300,94700.0,697600,11464600,,2023
Oklahoma,1693800,214300.0,94900.0,116600,678500,309000,287500,78100.0,445100,3917700,,2023
Oregon,2001400,230100.0,129600.0,169000,688600,354900,322400,34400.0,226000,4156400,,2023
Pennsylvania,6296400,661200.0,366600.0,478100,1839600,1203900,924600,79800.0,677600,12527800,,2023
Rhode Island,534400,59900.0,31500.0,51500,154800,86700,77800,8800.0,47000,1052400,,2023
South Carolina,2308600,368600.0,131900.0,194900,709800,493100,402500,126700.0,469000,5205000,,2023
South Dakota,456700,68200.0,18600.0,27300,84500,76200,61800,19300.0,76400,889100,,2023
Tennessee,3271000,464600.0,165400.0,239000,978800,531400,543400,114200.0,644100,6951900,,2023
Texas,14112100,2104200.0,500100.0,779800,3532500,1530800,1860600,505900.0,4869500,29795500,,2023
Utah,2027200,307500.0,65000.0,63100,252700,172900,177100,32900.0,259100,3357600,,2023
Vermont,304000,37400.0,12500.0,27300,100700,68700,49100,2600.0,21200,623400,,2023
Virginia,4351600,436300.0,183400.0,197100,1047600,754500,532600,333000.0,536900,8373000,,2023
Washington,3991200,377700.0,209200.0,228300,1109700,602400,499900,127600.0,481600,7627500,,2023
West Virginia,759200,48600.0,49400.0,82400,317700,184800,149100,20500.0,101800,1713600,,2023
Wisconsin,3120900,312400.0,154700.0,192400,706000,514500,444800,46900.0,282900,5775600,,2023
Wyoming,271600,44400.0,14400.0,13200,55200,56200,44400,9300.0,59400,568000,,2023
Puerto Rico,737100,275900.0,36600.0,375100,1083400,137800,348500,15600.0,166900,3176900,,2023
